ticket,symbol,direction,entry_price,exit_price,size,pnl,open_time,close_time,reason
4,BTCUSDT,BULLISH,5322.62,5581.44,0.30357305485565117,78.57077805773955,2020-03-19 02:00:00,2020-03-19 09:30:00,Take Profit
3,BTCUSDT,BULLISH,5328.5,5713.0,0.25493945188017847,98.02421924792863,2020-03-19 02:00:00,2020-03-19 12:00:00,Take Profit
1,BTCUSDT,BULLISH,5341.38,6148.920000000001,0.16562598340427634,133.74960663828946,2020-03-19 00:30:00,2020-03-19 16:00:00,Take Profit
2,BTCUSDT,BULLISH,5357.32,6019.439999999999,0.18830264000301303,124.6789439987948,2020-03-19 01:30:00,2020-03-19 16:00:00,Take Profit
5,BTCUSDT,BULLISH,5842.76,6408.5,0.21610420088103954,122.25879060643926,2020-03-22 23:00:00,2020-03-23 13:00:00,Take Profit
8,BTCUSDT,BULLISH,6197.19,6628.829999999999,0.2538906819909865,109.58937397458928,2020-04-01 13:30:00,2020-04-01 23:30:00,Take Profit
6,BTCUSDT,BULLISH,6321.04,7285.3,0.15476935977818293,149.23790285971072,2020-03-23 20:00:00,2020-04-02 17:00:00,Take Profit
7,BTCUSDT,BULLISH,6230.95,6940.309999999999,0.19033104381894436,135.01322924340613,2020-03-30 07:30:00,2020-04-02 17:00:00,Take Profit
13,BTCUSDT,BULLISH,6822.48,6885.98,0.4725403600702007,30.006312864457747,2020-04-21 14:30:00,2020-04-21 17:30:00,Take Profit
14,BTCUSDT,BULLISH,6828.9,6905.24,0.4610626509422411,35.19752277293075,2020-04-21 23:30:00,2020-04-22 05:30:00,Take Profit
16,BTCUSDT,BULLISH,6822.48,6885.98,0.4738351308518386,30.08853080909175,2020-04-22 00:30:00,2020-04-22 05:30:00,Take Profit
15,BTCUSDT,BULLISH,6847.26,6911.5,0.4730798361834984,30.390648676427833,2020-04-21 23:30:00,2020-04-22 06:00:00,Take Profit
18,BTCUSDT,BULLISH,6862.0,6930.0599999999995,0.4692188675593459,31.935036126088843,2020-04-22 05:00:00,2020-04-22 06:30:00,Take Profit
17,BTCUSDT,BULLISH,6862.32,7005.5,0.40432744789908887,57.89160399019166,2020-04-22 04:00:00,2020-04-22 13:00:00,Take Profit
19,BTCUSDT,BULLISH,7089.94,7196.479999999999,0.4408983495821105,46.97331016447764,2020-04-23 11:00:00,2020-04-23 13:30:00,Take Profit
9,BTCUSDT,BULLISH,6641.51,7531.630000000001,0.1653624734524506,147.19244486949546,2020-04-02 08:00:00,2020-04-23 14:00:00,Take Profit
11,BTCUSDT,BULLISH,6864.11,7358.549999999998,0.24487104433225074,121.07403915963773,2020-04-20 17:30:00,2020-04-23 14:00:00,Take Profit
12,BTCUSDT,BULLISH,6907.6,7467.980000000001,0.22805811959072222,127.79920905624915,2020-04-21 01:00:00,2020-04-23 14:00:00,Take Profit
21,BTCUSDT,BULLISH,7494.51,7525.110000000001,0.5392323039069179,16.500508499551884,2020-04-25 04:00:00,2020-04-25 05:00:00,Take Profit
23,BTCUSDT,BULLISH,7519.13,7583.430000000001,0.500804308060111,32.20171700826568,2020-04-25 08:00:00,2020-04-25 11:00:00,Take Profit
24,BTCUSDT,BULLISH,7519.13,7583.430000000001,0.5021914162663684,32.290908065928036,2020-04-25 11:30:00,2020-04-25 13:30:00,Take Profit
22,BTCUSDT,BULLISH,7519.13,7614.97,0.4689485322529647,44.944027331124204,2020-04-25 08:00:00,2020-04-25 15:30:00,Take Profit
25,BTCUSDT,BULLISH,7519.13,7583.430000000001,0.5035823664307417,32.38034616149724,2020-04-25 15:30:00,2020-04-25 15:30:00,Take Profit
28,BTCUSDT,BULLISH,7539.88,7557.099999999999,0.5641143286602913,9.714048739529847,2020-04-26 00:00:00,2020-04-26 00:30:00,Take Profit
30,BTCUSDT,BULLISH,7538.0,7574.66,0.539000092070825,19.759743375316365,2020-04-26 00:00:00,2020-04-26 01:00:00,Take Profit
31,BTCUSDT,BULLISH,7539.88,7557.099999999999,0.5655271943961068,9.738378287500588,2020-04-26 04:00:00,2020-04-26 04:00:00,Take Profit
33,BTCUSDT,BULLISH,7539.88,7557.099999999999,0.5659940166140014,9.746416966092733,2020-04-26 04:30:00,2020-04-26 09:00:00,Take Profit
27,BTCUSDT,BULLISH,7519.13,7583.430000000001,0.5069131600336977,32.59451619016731,2020-04-25 18:00:00,2020-04-26 09:30:00,Take Profit
29,BTCUSDT,BULLISH,7543.0,7589.0,0.5277125116673685,24.274775536698954,2020-04-26 00:00:00,2020-04-26 09:30:00,Take Profit
32,BTCUSDT,BULLISH,7538.0,7574.66,0.5403500573579979,19.809233102744123,2020-04-26 04:00:00,2020-04-26 09:30:00,Take Profit
26,BTCUSDT,BULLISH,7519.13,7614.97,0.4746688048637591,45.49225825814274,2020-04-25 18:00:00,2020-04-26 10:30:00,Take Profit
34,BTCUSDT,BULLISH,7563.44,7622.299999999998,0.5146319653308067,30.291237479370643,2020-04-26 09:00:00,2020-04-26 10:30:00,Take Profit
36,BTCUSDT,BULLISH,7539.88,7557.099999999999,0.5737696955140165,9.880314156750988,2020-04-26 15:00:00,2020-04-26 15:00:00,Take Profit
37,BTCUSDT,BULLISH,7563.44,7622.299999999998,0.5217020275516677,30.707381341690517,2020-04-26 15:00:00,2020-04-26 15:00:00,Take Profit
38,BTCUSDT,BULLISH,7543.0,7589.0,0.5367448259245686,24.690261992530157,2020-04-26 15:00:00,2020-04-26 15:00:00,Take Profit
39,BTCUSDT,BULLISH,7546.0,7581.0599999999995,0.550241788172569,19.291477093329988,2020-04-26 15:00:00,2020-04-26 15:00:00,Take Profit
40,BTCUSDT,BULLISH,7538.0,7574.66,0.5482256042741668,20.097950652690873,2020-04-26 15:00:00,2020-04-26 15:00:00,Take Profit
41,BTCUSDT,BULLISH,7546.0,7581.0599999999995,0.550241788172569,19.291477093329988,2020-04-26 15:00:00,2020-04-26 15:00:00,Take Profit
42,BTCUSDT,BULLISH,7539.88,7557.099999999999,0.5797118297516044,9.982637708322248,2020-04-26 15:30:00,2020-04-26 15:30:00,Take Profit
45,BTCUSDT,BULLISH,7538.0,7574.66,0.5539031960998582,20.30609116902072,2020-04-26 15:30:00,2020-04-26 16:00:00,Take Profit
44,BTCUSDT,BULLISH,7546.0,7581.0599999999995,0.555940260214601,19.491265523123626,2020-04-26 15:30:00,2020-04-26 16:30:00,Take Profit
46,BTCUSDT,BULLISH,7546.0,7581.0599999999995,0.555940260214601,19.491265523123626,2020-04-26 15:30:00,2020-04-26 16:30:00,Take Profit
43,BTCUSDT,BULLISH,7543.0,7589.0,0.5423035193026099,24.945961887920056,2020-04-26 15:30:00,2020-04-26 17:30:00,Take Profit
47,BTCUSDT,BULLISH,7563.44,7622.299999999998,0.5275400391473023,31.05100670420956,2020-04-26 16:00:00,2020-04-26 18:30:00,Take Profit
48,BTCUSDT,BULLISH,7577.36,7658.719999999998,0.5028814657701742,40.914436055060754,2020-04-26 16:00:00,2020-04-26 23:00:00,Take Profit
50,BTCUSDT,BULLISH,7643.91,7708.73,0.5257362724910257,34.07822518286813,2020-04-26 23:00:00,2020-04-27 00:00:00,Take Profit
51,BTCUSDT,BULLISH,7643.91,7708.73,0.5289630123575516,34.28738246101634,2020-04-27 06:30:00,2020-04-27 08:00:00,Take Profit
52,BTCUSDT,BULLISH,7643.91,7708.73,0.5304383095676981,34.383011226178034,2020-04-27 13:00:00,2020-04-27 18:30:00,Take Profit
53,BTCUSDT,BULLISH,7677.0,7710.5,0.5703483166730815,19.10666860854823,2020-04-27 20:00:00,2020-04-27 21:00:00,Take Profit
57,BTCUSDT,BULLISH,7677.0,7710.5,0.5712298238753214,19.136199099823266,2020-04-28 01:30:00,2020-04-28 01:30:00,Take Profit
58,BTCUSDT,BULLISH,7677.0,7710.5,0.572112693499304,19.165775232226686,2020-04-28 02:00:00,2020-04-28 03:30:00,Take Profit
59,BTCUSDT,BULLISH,7677.0,7710.5,0.5729969276507332,19.19539707629956,2020-04-28 04:00:00,2020-04-28 04:00:00,Take Profit
60,BTCUSDT,BULLISH,7677.0,7710.5,0.573882528438567,19.225064702691995,2020-04-28 04:30:00,2020-04-28 06:00:00,Take Profit
62,BTCUSDT,BULLISH,7677.0,7710.5,0.5747694979750234,19.254778182163285,2020-04-28 08:00:00,2020-04-28 09:00:00,Take Profit
61,BTCUSDT,BULLISH,7702.53,7758.509999999999,0.546433127269119,30.58932646452504,2020-04-28 06:30:00,2020-04-28 12:30:00,Take Profit
63,BTCUSDT,BULLISH,7677.0,7710.5,0.5770691106461509,19.331815206646052,2020-04-28 14:30:00,2020-04-28 14:30:00,Take Profit
64,BTCUSDT,BULLISH,7702.53,7758.509999999999,0.5494672919190307,30.759179001627096,2020-04-28 15:30:00,2020-04-28 23:00:00,Take Profit
66,BTCUSDT,BULLISH,7722.55,7740.45,0.6010080865022065,10.758044748389278,2020-04-28 23:30:00,2020-04-28 23:30:00,Take Profit
68,BTCUSDT,BULLISH,7722.55,7740.45,0.6015229486581475,10.767260780980621,2020-04-29 00:30:00,2020-04-29 00:30:00,Take Profit
49,BTCUSDT,BULLISH,7648.13,7856.750000000001,0.40151939499076283,83.76497618297326,2020-04-26 23:00:00,2020-04-29 02:00:00,Take Profit
54,BTCUSDT,BULLISH,7717.16,7803.98,0.5078796994326055,44.09411550473866,2020-04-27 21:00:00,2020-04-29 02:00:00,Take Profit
55,BTCUSDT,BULLISH,7707.54,7801.8,0.5010078271556503,47.224997787691706,2020-04-28 01:00:00,2020-04-29 02:00:00,Take Profit
56,BTCUSDT,BULLISH,7707.54,7802.12,0.5006836682638842,47.35466134439813,2020-04-28 01:00:00,2020-04-29 02:00:00,Take Profit
65,BTCUSDT,BULLISH,7721.98,7798.98,0.5252538695371894,40.444547954363586,2020-04-28 16:00:00,2020-04-29 02:00:00,Take Profit
67,BTCUSDT,BULLISH,7726.7,7775.04,0.5606826074948467,27.10339724630097,2020-04-29 00:30:00,2020-04-29 02:00:00,Take Profit
69,BTCUSDT,BULLISH,7744.36,7805.879999999998,0.5451373406566562,33.53684919719674,2020-04-29 01:00:00,2020-04-29 02:00:00,Take Profit
71,BTCUSDT,BULLISH,7755.77,7808.630000000001,0.5555619517286996,29.367004768379385,2020-04-29 02:00:00,2020-04-29 02:00:00,Take Profit
35,BTCUSDT,BULLISH,7656.6,7885.000000000002,0.3809487465982766,87.00869372304693,2020-04-26 13:00:00,2020-04-29 06:00:00,Take Profit
20,BTCUSDT,BULLISH,7242.42,8076.68,0.18094457407460485,150.95482036747987,2020-04-23 13:30:00,2020-04-29 10:00:00,Take Profit
10,BTCUSDT,BULLISH,6733.76,8448.74,0.10355769647587121,177.59937830218956,2020-04-02 20:30:00,2020-04-29 16:00:00,Take Profit
70,BTCUSDT,BULLISH,7774.0,9671.42,0.10951057510592718,207.78755541748836,2020-04-29 02:00:00,2020-05-07 17:00:00,Take Profit
74,BTCUSDT,BULLISH,8617.16,8651.099999999999,0.6247790141857975,21.204999741465148,2020-05-12 02:30:00,2020-05-12 02:30:00,Take Profit
77,BTCUSDT,BULLISH,8617.16,8651.099999999999,0.6257563382278984,21.238170119454054,2020-05-12 07:00:00,2020-05-12 07:00:00,Take Profit
78,BTCUSDT,BULLISH,8727.42,8879.42,0.4926910666902219,74.88904213691373,2020-05-12 13:00:00,2020-05-12 14:00:00,Take Profit
73,BTCUSDT,BULLISH,8527.47,9041.769999999999,0.29652915390548434,152.5049438535904,2020-05-11 23:00:00,2020-05-13 11:30:00,Take Profit
75,BTCUSDT,BULLISH,8688.12,9089.78,0.33872303147296046,136.05149282142924,2020-05-12 03:00:00,2020-05-13 12:30:00,Take Profit
76,BTCUSDT,BULLISH,8719.53,9159.210000000001,0.3233859391799416,142.1863297386368,2020-05-12 03:30:00,2020-05-13 15:30:00,Take Profit
80,BTCUSDT,BULLISH,8727.42,8879.42,0.5110110597536484,77.67368108255455,2020-05-24 23:30:00,2020-05-24 23:30:00,Take Profit
81,BTCUSDT,BULLISH,8701.4,8837.1,0.5265598375658269,71.45416995768309,2020-05-24 23:30:00,2020-05-24 23:30:00,Take Profit
83,BTCUSDT,BULLISH,8727.42,8879.42,0.5164142427623526,78.4949648998776,2020-05-25 11:00:00,2020-05-25 17:30:00,Take Profit
84,BTCUSDT,BULLISH,8756.36,8902.600000000002,0.5218597356561545,76.31676774235687,2020-05-25 14:30:00,2020-05-25 17:30:00,Take Profit
87,BTCUSDT,BULLISH,8727.42,8879.42,0.5220233635102597,79.34755125355947,2020-05-26 15:30:00,2020-05-27 00:30:00,Take Profit
89,BTCUSDT,BULLISH,8808.99,8876.47,0.6164047588296048,41.59499312582146,2020-05-26 22:00:00,2020-05-27 00:30:00,Take Profit
93,BTCUSDT,BULLISH,8830.64,8857.839999999997,0.6801866749654798,18.50107755905907,2020-05-27 02:30:00,2020-05-27 02:30:00,Take Profit
94,BTCUSDT,BULLISH,8830.64,8857.839999999997,0.6810528302819152,18.524636983666113,2020-05-27 03:00:00,2020-05-27 05:00:00,Take Profit
92,BTCUSDT,BULLISH,8808.99,8876.47,0.6215789927809773,41.94415043286008,2020-05-27 02:30:00,2020-05-27 06:00:00,Take Profit
95,BTCUSDT,BULLISH,8830.64,8857.839999999997,0.6819200885676673,18.548226409038566,2020-05-27 06:00:00,2020-05-27 06:00:00,Take Profit
96,BTCUSDT,BULLISH,8835.75,8867.43,0.6748430824594729,21.3790288523163,2020-05-27 06:00:00,2020-05-27 06:00:00,Take Profit
97,BTCUSDT,BULLISH,8830.64,8857.839999999997,0.6857530195458609,18.65248213164542,2020-05-27 06:30:00,2020-05-27 07:30:00,Take Profit
86,BTCUSDT,BULLISH,8756.36,8902.600000000002,0.5275280035472732,77.14569523875409,2020-05-26 15:00:00,2020-05-27 08:00:00,Take Profit
98,BTCUSDT,BULLISH,8835.75,8867.43,0.6786362350583525,21.499195926648802,2020-05-27 06:30:00,2020-05-27 08:00:00,Take Profit
88,BTCUSDT,BULLISH,8806.34,8978.060000000001,0.5040175202155999,86.5498885714234,2020-05-26 22:00:00,2020-05-27 10:00:00,Take Profit
90,BTCUSDT,BULLISH,8851.01,8961.070000000002,0.5649470584983387,62.1780732583279,2020-05-27 00:00:00,2020-05-27 10:00:00,Take Profit
79,BTCUSDT,BULLISH,8719.53,9159.210000000001,0.3359352431688426,147.7040077164768,2020-05-24 23:30:00,2020-05-27 10:30:00,Take Profit
82,BTCUSDT,BULLISH,8688.12,9089.78,0.35558798244245526,142.82546902783653,2020-05-25 10:30:00,2020-05-27 10:30:00,Take Profit
85,BTCUSDT,BULLISH,8809.37,9061.630000000003,0.43703532641096765,110.2465314404316,2020-05-25 17:00:00,2020-05-27 10:30:00,Take Profit
91,BTCUSDT,BULLISH,8895.65,9264.209999999997,0.3749309054044762,138.18453449587287,2020-05-27 00:30:00,2020-05-28 00:30:00,Take Profit
72,BTCUSDT,BULLISH,8715.13,10264.189999999997,0.13696902830463645,212.1732429855798,2020-04-29 22:00:00,2020-06-01 23:00:00,Take Profit
100,BTCUSDT,BULLISH,8927.22,9097.959999999997,0.5489309884813591,93.72447697330614,2020-06-27 19:30:00,2020-06-27 21:30:00,Take Profit
102,BTCUSDT,BULLISH,8975.06,9007.179999999998,0.7293607375389165,23.427066889749256,2020-06-28 06:00:00,2020-06-28 06:30:00,Take Profit
101,BTCUSDT,BULLISH,8933.85,9117.85,0.5364672472017975,98.70997348513075,2020-06-27 19:30:00,2020-06-28 14:00:00,Take Profit
104,BTCUSDT,BULLISH,8975.06,9007.179999999998,0.7350136598926553,23.60863875575134,2020-07-05 21:00:00,2020-07-05 21:00:00,Take Profit
105,BTCUSDT,BULLISH,8968.0,8991.64,0.7497264250609336,17.723532688440034,2020-07-05 21:00:00,2020-07-05 21:00:00,Take Profit
106,BTCUSDT,BULLISH,9040.78,9095.460000000001,0.7003623342607925,38.29581243738034,2020-07-05 22:00:00,2020-07-05 22:30:00,Take Profit
103,BTCUSDT,BULLISH,9071.25,9295.75,0.5085894358892129,114.1783283571283,2020-06-29 06:30:00,2020-07-06 15:30:00,Take Profit
107,BTCUSDT,BULLISH,9137.18,9296.5,0.5747876510004785,91.57516855739605,2020-07-10 04:30:00,2020-07-10 23:30:00,Take Profit
110,BTCUSDT,BULLISH,9089.1,9137.840000000002,0.7205101669758306,35.11766553840314,2020-07-16 09:00:00,2020-07-16 16:00:00,Take Profit
113,BTCUSDT,BULLISH,9089.1,9137.840000000002,0.7220753345801628,35.19395180743829,2020-07-16 20:00:00,2020-07-16 22:00:00,Take Profit
115,BTCUSDT,BULLISH,9084.25,9090.009999999998,0.800295654267679,4.60970296858055,2020-07-17 05:30:00,2020-07-17 05:30:00,Take Profit
114,BTCUSDT,BULLISH,9089.1,9137.840000000002,0.7236439022053996,35.270403793492335,2020-07-17 05:30:00,2020-07-17 11:30:00,Take Profit
116,BTCUSDT,BULLISH,9117.85,9151.790000000003,0.7485370298544086,25.40534679326037,2020-07-17 06:00:00,2020-07-17 12:00:00,Take Profit
117,BTCUSDT,BULLISH,9122.07,9146.21,0.7658324108431751,18.4871943977538,2020-07-17 11:00:00,2020-07-17 12:00:00,Take Profit
118,BTCUSDT,BULLISH,9127.96,9163.899999999998,0.7451029011676488,26.778998267964322,2020-07-17 11:30:00,2020-07-17 12:00:00,Take Profit
119,BTCUSDT,BULLISH,9127.96,9163.899999999998,0.7499632921963441,26.953680721535623,2020-07-17 14:00:00,2020-07-17 18:30:00,Take Profit
120,BTCUSDT,BULLISH,9122.07,9146.21,0.7720990031935313,18.638469937091397,2020-07-18 01:30:00,2020-07-18 01:30:00,Take Profit
122,BTCUSDT,BULLISH,9122.07,9146.21,0.7729778861065831,18.659686170612467,2020-07-18 02:00:00,2020-07-18 08:30:00,Take Profit
123,BTCUSDT,BULLISH,9117.85,9151.790000000003,0.7555211333669263,25.642387266475236,2020-07-18 02:00:00,2020-07-18 08:30:00,Take Profit
112,BTCUSDT,BULLISH,9123.0,9206.259999999998,0.6704963904306264,55.82552946725288,2020-07-16 18:00:00,2020-07-18 09:00:00,Take Profit
121,BTCUSDT,BULLISH,9127.96,9163.899999999998,0.7511998697401131,26.99812331845868,2020-07-18 01:30:00,2020-07-18 09:00:00,Take Profit
125,BTCUSDT,BULLISH,9122.07,9146.21,0.7789724033048102,18.804393815777665,2020-07-19 10:00:00,2020-07-19 10:00:00,Take Profit
126,BTCUSDT,BULLISH,9117.85,9151.790000000003,0.7613802717834263,25.84124642433126,2020-07-19 10:00:00,2020-07-19 10:00:00,Take Profit
127,BTCUSDT,BULLISH,9127.96,9163.899999999998,0.7578872210343229,27.238466723972575,2020-07-19 10:00:00,2020-07-19 16:30:00,Take Profit
128,BTCUSDT,BULLISH,9122.07,9146.21,0.781077634607687,18.85521409942911,2020-07-19 10:30:00,2020-07-19 16:30:00,Take Profit
129,BTCUSDT,BULLISH,9117.85,9151.790000000003,0.7634379590323597,25.911084329560065,2020-07-19 10:30:00,2020-07-19 16:30:00,Take Profit
130,BTCUSDT,BULLISH,9134.32,9153.96,0.7894535028655618,15.504866796279174,2020-07-19 16:00:00,2020-07-19 16:30:00,Take Profit
131,BTCUSDT,BULLISH,9136.98,9161.939999999999,0.7795704723797642,19.458078990598235,2020-07-19 16:30:00,2020-07-19 16:30:00,Take Profit
132,BTCUSDT,BULLISH,9136.98,9161.939999999999,0.7846047208238456,19.5837338317625,2020-07-19 17:00:00,2020-07-19 18:30:00,Take Profit
124,BTCUSDT,BULLISH,9123.0,9206.259999999998,0.6836761890860051,56.92287950329969,2020-07-19 10:00:00,2020-07-19 23:00:00,Take Profit
133,BTCUSDT,BULLISH,9157.03,9222.090000000002,0.7177940412805552,46.699680325713864,2020-07-19 20:00:00,2020-07-19 23:00:00,Take Profit
135,BTCUSDT,BULLISH,9134.32,9153.96,0.8004235726682792,15.720318967204538,2020-07-20 11:30:00,2020-07-20 11:30:00,Take Profit
136,BTCUSDT,BULLISH,9136.98,9161.939999999999,0.7904032097950794,19.728464116484492,2020-07-20 11:30:00,2020-07-20 11:30:00,Take Profit
137,BTCUSDT,BULLISH,9134.32,9153.96,0.8021130580883388,15.753500460854507,2020-07-20 13:30:00,2020-07-20 13:30:00,Take Profit
138,BTCUSDT,BULLISH,9136.98,9161.939999999999,0.7920715448423162,19.770105759263522,2020-07-20 13:30:00,2020-07-20 13:30:00,Take Profit
139,BTCUSDT,BULLISH,9161.69,9184.290000000003,0.7981760431154534,18.03877857441099,2020-07-20 19:00:00,2020-07-20 19:00:00,Take Profit
140,BTCUSDT,BULLISH,9161.69,9184.290000000003,0.7990297477332675,18.058072298773588,2020-07-20 19:30:00,2020-07-20 20:00:00,Take Profit
141,BTCUSDT,BULLISH,9161.69,9184.290000000003,0.7998843654473599,18.07738665911208,2020-07-20 20:30:00,2020-07-20 20:30:00,Take Profit
142,BTCUSDT,BULLISH,9161.69,9184.290000000003,0.8007398972343505,18.096721677498067,2020-07-20 21:00:00,2020-07-21 01:00:00,Take Profit
143,BTCUSDT,BULLISH,9167.8,9181.14,0.8186787646277596,10.921174720134431,2020-07-21 01:00:00,2020-07-21 01:00:00,Take Profit
144,BTCUSDT,BULLISH,9161.69,9184.290000000003,0.8021132004240159,18.12775832958451,2020-07-21 01:30:00,2020-07-21 01:30:00,Take Profit
145,BTCUSDT,BULLISH,9167.8,9181.14,0.8200828337426592,10.939905002127194,2020-07-21 01:30:00,2020-07-21 01:30:00,Take Profit
146,BTCUSDT,BULLISH,9161.69,9184.290000000003,0.8034888588874193,18.15884821085743,2020-07-21 02:00:00,2020-07-21 02:00:00,Take Profit
147,BTCUSDT,BULLISH,9167.8,9181.14,0.821489310896175,10.958667407355096,2020-07-21 02:00:00,2020-07-21 02:00:00,Take Profit
149,BTCUSDT,BULLISH,9167.8,9181.14,0.8228982002181963,10.977461990910857,2020-07-21 02:30:00,2020-07-21 02:30:00,Take Profit
150,BTCUSDT,BULLISH,9167.8,9181.14,0.8234293591668056,10.984547651285306,2020-07-21 03:00:00,2020-07-21 03:30:00,Take Profit
153,BTCUSDT,BULLISH,9167.8,9181.14,0.8239608609644196,10.991637885265478,2020-07-21 04:00:00,2020-07-21 04:00:00,Take Profit
154,BTCUSDT,BULLISH,9167.8,9181.14,0.8244927058323377,10.998732695803504,2020-07-21 04:30:00,2020-07-21 04:30:00,Take Profit
155,BTCUSDT,BULLISH,9167.8,9181.14,0.8250248939920031,11.005832085853442,2020-07-21 05:00:00,2020-07-21 05:00:00,Take Profit
148,BTCUSDT,BULLISH,9161.69,9184.290000000003,0.8048668766639555,18.189991412607153,2020-07-21 02:30:00,2020-07-21 05:30:00,Take Profit
151,BTCUSDT,BULLISH,9178.14,9192.119999999999,0.822156363394386,11.493745960253158,2020-07-21 03:30:00,2020-07-21 05:30:00,Take Profit
156,BTCUSDT,BULLISH,9181.65,9196.929999999998,0.8231303724519118,12.577432091064253,2020-07-21 06:00:00,2020-07-21 06:00:00,Take Profit
157,BTCUSDT,BULLISH,9167.8,9181.14,0.826993712371967,11.032096123042159,2020-07-21 06:00:00,2020-07-21 06:00:00,Take Profit
158,BTCUSDT,BULLISH,9178.14,9192.119999999999,0.8257152062221105,11.543498582984745,2020-07-21 06:00:00,2020-07-21 06:00:00,Take Profit
161,BTCUSDT,BULLISH,9178.14,9192.119999999999,0.8274135021203226,11.567240759641749,2020-07-21 06:30:00,2020-07-21 06:30:00,Take Profit
134,BTCUSDT,BULLISH,9157.03,9222.090000000002,0.7222503505666265,46.98960780786566,2020-07-20 10:30:00,2020-07-21 07:00:00,Take Profit
152,BTCUSDT,BULLISH,9172.47,9216.63,0.7667867036001292,33.8613008309816,2020-07-21 04:00:00,2020-07-21 07:00:00,Take Profit
160,BTCUSDT,BULLISH,9181.65,9196.929999999998,0.8248233519740218,12.603300818162094,2020-07-21 06:30:00,2020-07-21 07:00:00,Take Profit
162,BTCUSDT,BULLISH,9189.14,9219.399999999998,0.7961061721000606,24.09017276774656,2020-07-21 06:30:00,2020-07-21 07:00:00,Take Profit
108,BTCUSDT,BULLISH,9137.18,9353.580000000002,0.5215610463296345,112.86581042573367,2020-07-10 04:30:00,2020-07-21 07:30:00,Take Profit
109,BTCUSDT,BULLISH,9137.18,9296.5,0.5780621689350203,92.09686475472726,2020-07-16 07:00:00,2020-07-21 07:30:00,Take Profit
111,BTCUSDT,BULLISH,9071.25,9295.75,0.5177289548898886,116.23015037277999,2020-07-16 09:30:00,2020-07-21 07:30:00,Take Profit
159,BTCUSDT,BULLISH,9210.51,9367.53,0.6149377789087834,96.55753004425745,2020-07-21 06:30:00,2020-07-21 07:30:00,Take Profit
164,BTCUSDT,BULLISH,9340.0,9359.779999999999,0.8420360216766157,16.65547250876248,2020-07-22 17:00:00,2020-07-22 17:00:00,Take Profit
165,BTCUSDT,BULLISH,9341.77,9364.57,0.836021478664639,19.061289713553162,2020-07-22 17:00:00,2020-07-22 17:30:00,Take Profit
166,BTCUSDT,BULLISH,9340.0,9359.779999999999,0.8437377112388778,16.68913192830402,2020-07-22 18:00:00,2020-07-22 18:00:00,Take Profit
167,BTCUSDT,BULLISH,9341.77,9364.57,0.8377110133014563,19.099811103272593,2020-07-22 18:00:00,2020-07-22 18:00:00,Take Profit
169,BTCUSDT,BULLISH,9364.03,9382.230000000001,0.8486370045061835,15.445193482013158,2020-07-22 19:30:00,2020-07-22 20:30:00,Take Profit
171,BTCUSDT,BULLISH,9341.77,9364.57,0.8401345769965172,19.15506835551998,2020-07-22 21:00:00,2020-07-22 21:00:00,Take Profit
168,BTCUSDT,BULLISH,9362.55,9426.909999999996,0.7642777054106489,49.18891312022703,2020-07-22 18:30:00,2020-07-22 22:00:00,Take Profit
170,BTCUSDT,BULLISH,9344.11,9429.45,0.7318764147898932,62.458333238169594,2020-07-22 21:00:00,2020-07-22 22:00:00,Take Profit
172,BTCUSDT,BULLISH,9364.03,9382.230000000001,0.8493756555574515,15.458636931146236,2020-07-22 21:00:00,2020-07-22 22:00:00,Take Profit
173,BTCUSDT,BULLISH,9372.24,9398.58,0.8340573263621457,21.96906997637904,2020-07-22 21:30:00,2020-07-22 22:00:00,Take Profit
163,BTCUSDT,BULLISH,9314.87,9596.590000000002,0.5184971559869275,146.0710187846378,2020-07-22 07:30:00,2020-07-23 14:00:00,Take Profit
174,BTCUSDT,BULLISH,9543.74,9614.659999999998,0.7676355218768576,54.4407112115054,2020-07-24 15:00:00,2020-07-24 20:30:00,Take Profit
175,BTCUSDT,BULLISH,9540.43,9604.73,0.7785804866729464,50.06272529306989,2020-07-24 15:30:00,2020-07-24 20:30:00,Take Profit
177,BTCUSDT,BULLISH,9543.74,9614.659999999998,0.7720737889500157,54.75547311233376,2020-07-24 22:00:00,2020-07-25 03:30:00,Take Profit
178,BTCUSDT,BULLISH,9540.43,9604.73,0.7830820346593594,50.35217482859624,2020-07-24 22:00:00,2020-07-25 03:30:00,Take Profit
180,BTCUSDT,BULLISH,9582.35,9597.050000000001,0.8818112892480298,12.962625951946679,2020-07-25 12:00:00,2020-07-25 12:00:00,Take Profit
182,BTCUSDT,BULLISH,9582.35,9597.050000000001,0.8824364460337519,12.971815756696795,2020-07-25 13:00:00,2020-07-25 13:00:00,Take Profit
183,BTCUSDT,BULLISH,9582.35,9597.050000000001,0.883062046022018,12.981012076524307,2020-07-25 13:30:00,2020-07-25 13:30:00,Take Profit
184,BTCUSDT,BULLISH,9582.35,9597.050000000001,0.8836880895270347,12.990214916048053,2020-07-25 14:00:00,2020-07-25 15:00:00,Take Profit
185,BTCUSDT,BULLISH,9582.35,9597.050000000001,0.884314576863232,12.999424279890153,2020-07-25 15:30:00,2020-07-25 16:00:00,Take Profit
181,BTCUSDT,BULLISH,9593.04,9644.380000000001,0.8102254213035814,41.59697312972599,2020-07-25 12:00:00,2020-07-25 17:00:00,Take Profit
186,BTCUSDT,BULLISH,9584.83,9675.089999999998,0.7480219781854203,67.51646375101484,2020-07-25 16:00:00,2020-07-25 17:00:00,Take Profit
187,BTCUSDT,BULLISH,9606.64,9665.839999999997,0.7986177156471804,47.278168766310756,2020-07-25 16:00:00,2020-07-25 17:00:00,Take Profit
176,BTCUSDT,BULLISH,9576.33,9712.429999999998,0.6743050176501575,91.77291290218545,2020-07-24 20:00:00,2020-07-25 20:30:00,Take Profit
189,BTCUSDT,BULLISH,9674.16,9709.880000000001,0.853641177549262,30.492062862060635,2020-07-25 21:00:00,2020-07-25 21:00:00,Take Profit
190,BTCUSDT,BULLISH,9674.16,9709.880000000001,0.855040794865982,30.54205719261387,2020-07-25 23:00:00,2020-07-25 23:00:00,Take Profit
191,BTCUSDT,BULLISH,9674.16,9709.880000000001,0.8564427069743368,30.592133493124308,2020-07-26 00:00:00,2020-07-26 07:30:00,Take Profit
192,BTCUSDT,BULLISH,9685.49,9711.289999999999,0.8763955290813988,22.611004650299453,2020-07-26 05:00:00,2020-07-26 07:30:00,Take Profit
193,BTCUSDT,BULLISH,9688.53,9720.410000000002,0.8640576462972541,27.546157763957343,2020-07-26 06:30:00,2020-07-26 07:30:00,Take Profit
194,BTCUSDT,BULLISH,9681.26,9708.199999999999,0.8740554089166163,23.547052716212498,2020-07-26 07:00:00,2020-07-26 07:30:00,Take Profit
195,BTCUSDT,BULLISH,9702.28,9742.980000000001,0.84676472948232,34.46332448993104,2020-07-26 07:30:00,2020-07-26 08:30:00,Take Profit
188,BTCUSDT,BULLISH,9688.1,9894.44,0.6104051779920864,125.9510044268872,2020-07-25 20:00:00,2020-07-26 10:00:00,Take Profit
196,BTCUSDT,BULLISH,9926.34,9994.84,0.8078194873717549,55.33563488496521,2020-07-26 23:30:00,2020-07-27 00:30:00,Take Profit
179,BTCUSDT,BULLISH,9604.41,10490.970000000001,0.28260243493683906,250.5440147176044,2020-07-25 03:00:00,2020-07-27 16:30:00,Take Profit
197,BTCUSDT,BULLISH,9979.15,10574.929999999998,0.38006731389831855,226.4365042743398,2020-07-27 00:00:00,2020-07-27 16:30:00,Take Profit
99,BTCUSDT,BULLISH,9731.1,12071.12,0.11279239111617365,263.9364510596687,2020-06-01 22:30:00,2020-08-02 04:00:00,Take Profit
200,BTCUSDT,BULLISH,9899.02,9944.04,0.8862264211325298,39.89791347938688,2020-09-05 19:00:00,2020-09-05 19:00:00,Take Profit
202,BTCUSDT,BULLISH,9926.34,9994.84,0.8435142800469296,57.78072818321468,2020-09-08 22:00:00,2020-09-08 22:00:00,Take Profit
204,BTCUSDT,BULLISH,10031.36,10219.620000000003,0.6737531954673945,126.84077657869307,2020-09-09 02:00:00,2020-09-09 11:00:00,Take Profit
203,BTCUSDT,BULLISH,10078.76,10334.6,0.6043273584496993,154.61111138577115,2020-09-09 01:00:00,2020-09-09 18:30:00,Take Profit
205,BTCUSDT,BULLISH,10122.07,10373.349999999999,0.608558614982268,152.9186087727436,2020-09-09 07:00:00,2020-09-10 01:30:00,Take Profit
206,BTCUSDT,BULLISH,10246.0,10352.98,0.7928736686357262,84.82162507064965,2020-09-09 20:30:00,2020-09-10 01:30:00,Take Profit
208,BTCUSDT,BULLISH,10274.8,10385.819999999996,0.786605401990025,87.32893172893006,2020-09-10 01:00:00,2020-09-10 01:30:00,Take Profit
211,BTCUSDT,BULLISH,10246.0,10352.98,0.805697415748919,86.193509536819,2020-09-10 09:00:00,2020-09-10 12:30:00,Take Profit
210,BTCUSDT,BULLISH,10274.8,10385.819999999996,0.7993277676732596,88.74136876708273,2020-09-10 07:30:00,2020-09-10 13:00:00,Take Profit
207,BTCUSDT,BULLISH,10274.8,10454.859999999997,0.6929819200167944,124.77832451822238,2020-09-10 00:30:00,2020-09-10 13:30:00,Take Profit
213,BTCUSDT,BULLISH,10274.8,10385.819999999996,0.8110577666095881,90.04363324899387,2020-09-10 18:00:00,2020-09-11 22:00:00,Take Profit
215,BTCUSDT,BULLISH,10246.0,10352.98,0.8175208881865743,87.45838461819936,2020-09-11 02:30:00,2020-09-11 22:00:00,Take Profit
214,BTCUSDT,BULLISH,10274.8,10454.859999999997,0.7145239111347632,128.6571754389238,2020-09-10 18:00:00,2020-09-12 18:00:00,Take Profit
216,BTCUSDT,BULLISH,10274.8,10385.819999999996,0.8180047361163469,90.81488580363421,2020-09-12 13:30:00,2020-09-12 18:00:00,Take Profit
199,BTCUSDT,BULLISH,10093.44,10496.140000000001,0.4913273725331985,197.8575329191194,2020-09-05 12:00:00,2020-09-13 03:30:00,Take Profit
201,BTCUSDT,BULLISH,9979.15,10574.929999999998,0.39686119444253454,236.44196242497276,2020-09-05 19:30:00,2020-09-13 04:00:00,Take Profit
209,BTCUSDT,BULLISH,10315.91,10578.189999999999,0.616767040883595,161.7656594829486,2020-09-10 06:30:00,2020-09-13 04:00:00,Take Profit
220,BTCUSDT,BULLISH,10260.0,10336.599999999999,0.9113040800914104,69.80589253500071,2020-09-13 16:00:00,2020-09-14 02:00:00,Take Profit
221,BTCUSDT,BULLISH,10246.0,10352.98,0.856695578862214,91.64929302667929,2020-09-13 16:00:00,2020-09-14 02:00:00,Take Profit
218,BTCUSDT,BULLISH,10274.8,10385.819999999996,0.8499227516957606,94.35842389326062,2020-09-13 12:30:00,2020-09-14 07:30:00,Take Profit
219,BTCUSDT,BULLISH,10274.8,10454.859999999997,0.7487631013542851,134.82228402985083,2020-09-13 12:30:00,2020-09-14 08:00:00,Take Profit
217,BTCUSDT,BULLISH,10315.91,10578.189999999999,0.6558064935851387,172.0049271375094,2020-09-13 11:30:00,2020-09-14 13:00:00,Take Profit
212,BTCUSDT,BULLISH,10372.36,10678.5,0.5784582035239286,177.08919442681517,2020-09-10 12:30:00,2020-09-14 15:00:00,Take Profit
198,BTCUSDT,BULLISH,10277.22,11078.639999999998,0.32826861708012134,263.0810351003503,2020-09-04 00:00:00,2020-09-16 16:30:00,Take Profit
222,BTCUSDT,BULLISH,10438.28,11056.800000000001,0.43145328197842314,266.8624839692945,2020-09-14 08:00:00,2020-09-16 16:30:00,Take Profit
230,BTCUSDT,BULLISH,10260.0,10336.599999999999,0.9645845473225797,73.8871763249082,2020-09-23 21:30:00,2020-09-24 02:30:00,Take Profit
232,BTCUSDT,BULLISH,10260.0,10336.599999999999,0.967685142216617,74.12468189379145,2020-09-24 04:30:00,2020-09-24 07:30:00,Take Profit
233,BTCUSDT,BULLISH,10292.0,10324.599999999999,1.0661089662053624,34.75515229829326,2020-09-24 06:00:00,2020-09-24 07:30:00,Take Profit
234,BTCUSDT,BULLISH,10292.0,10324.599999999999,1.0711427079618157,34.91925227955363,2020-09-24 08:30:00,2020-09-24 08:30:00,Take Profit
236,BTCUSDT,BULLISH,10292.0,10324.599999999999,1.0727570978036813,34.97188138839845,2020-09-24 09:00:00,2020-09-24 09:30:00,Take Profit
229,BTCUSDT,BULLISH,10246.0,10352.98,0.9067832956999102,97.007676973976,2020-09-23 21:00:00,2020-09-24 10:30:00,Take Profit
235,BTCUSDT,BULLISH,10302.86,10339.52,1.0611833817255532,38.90298277405862,2020-09-24 08:30:00,2020-09-24 10:30:00,Take Profit
227,BTCUSDT,BULLISH,10274.8,10385.819999999996,0.8996144872097823,99.87520037002716,2020-09-23 19:30:00,2020-09-24 11:00:00,Take Profit
231,BTCUSDT,BULLISH,10267.01,10379.15,0.8976471184713958,100.6621478653818,2020-09-24 01:30:00,2020-09-24 11:00:00,Take Profit
228,BTCUSDT,BULLISH,10274.8,10454.859999999997,0.7925404186703823,142.7048277857872,2020-09-23 19:30:00,2020-09-24 15:00:00,Take Profit
223,BTCUSDT,BULLISH,10372.36,10678.5,0.6510337826124288,199.3074822089686,2020-09-21 15:00:00,2020-09-24 16:00:00,Take Profit
225,BTCUSDT,BULLISH,10315.91,10578.189999999999,0.6941489932565393,182.06139795132432,2020-09-23 19:00:00,2020-09-24 16:00:00,Take Profit
238,BTCUSDT,BULLISH,10406.49,10596.589999999998,0.8167845999936124,155.27075245878453,2020-10-02 05:00:00,2020-10-02 13:30:00,Take Profit
239,BTCUSDT,BULLISH,10456.06,10507.92,1.0666679778166444,55.317401329571794,2020-10-02 13:00:00,2020-10-02 13:30:00,Take Profit
240,BTCUSDT,BULLISH,10456.06,10507.92,1.0759889247377419,55.80078563689992,2020-10-02 21:30:00,2020-10-02 21:30:00,Take Profit
244,BTCUSDT,BULLISH,10531.11,10546.890000000003,1.1720438001941693,18.49485116706689,2020-10-03 16:00:00,2020-10-03 16:00:00,Take Profit
241,BTCUSDT,BULLISH,10483.87,10591.350000000004,0.9580601314967951,102.97230293327861,2020-10-02 21:30:00,2020-10-03 16:30:00,Take Profit
245,BTCUSDT,BULLISH,10531.11,10546.890000000003,1.1778866571906745,18.58705145047176,2020-10-03 21:00:00,2020-10-03 21:00:00,Take Profit
246,BTCUSDT,BULLISH,10531.11,10546.890000000003,1.178780738264823,18.60116004982182,2020-10-03 22:00:00,2020-10-03 22:00:00,Take Profit
247,BTCUSDT,BULLISH,10531.11,10546.890000000003,1.179675497995922,18.61527935837857,2020-10-03 23:00:00,2020-10-03 23:00:00,Take Profit
248,BTCUSDT,BULLISH,10531.11,10546.890000000003,1.1805709368991104,18.629409384270883,2020-10-03 23:30:00,2020-10-03 23:30:00,Take Profit
249,BTCUSDT,BULLISH,10531.11,10546.890000000003,1.1814670554899165,18.643550135633806,2020-10-04 00:00:00,2020-10-04 00:00:00,Take Profit
250,BTCUSDT,BULLISH,10531.11,10546.890000000003,1.1823638542842614,18.65770162060857,2020-10-04 00:30:00,2020-10-04 00:30:00,Take Profit
251,BTCUSDT,BULLISH,10531.11,10546.890000000003,1.1832613337984568,18.671863847342575,2020-10-04 01:00:00,2020-10-04 02:30:00,Take Profit
253,BTCUSDT,BULLISH,10531.11,10546.890000000003,1.1841594945492069,18.686036823989415,2020-10-04 03:00:00,2020-10-04 03:00:00,Take Profit
254,BTCUSDT,BULLISH,10531.11,10546.890000000003,1.1850583370536079,18.700220558708864,2020-10-04 03:30:00,2020-10-04 03:30:00,Take Profit
252,BTCUSDT,BULLISH,10535.39,10561.609999999997,1.1542780661788,30.265170895205276,2020-10-04 02:30:00,2020-10-04 04:00:00,Take Profit
255,BTCUSDT,BULLISH,10549.23,10579.989999999998,1.1447152934147273,35.21144242543518,2020-10-04 04:00:00,2020-10-04 06:00:00,Take Profit
256,BTCUSDT,BULLISH,10561.49,10601.889999999998,1.1210328410745518,45.28972677940945,2020-10-04 06:00:00,2020-10-04 06:30:00,Take Profit
257,BTCUSDT,BULLISH,10561.49,10601.889999999998,1.1246886616560618,45.437421930902445,2020-10-04 10:00:00,2020-10-04 11:30:00,Take Profit
258,BTCUSDT,BULLISH,10561.49,10601.889999999998,1.1267521231424789,45.52078577495369,2020-10-04 12:00:00,2020-10-04 12:00:00,Take Profit
242,BTCUSDT,BULLISH,10536.71,10677.549999999996,0.9010287168936059,126.9008844872923,2020-10-02 22:30:00,2020-10-04 19:30:00,Take Profit
243,BTCUSDT,BULLISH,10536.71,10677.549999999996,0.9010287168936059,126.9008844872923,2020-10-02 22:30:00,2020-10-04 19:30:00,Take Profit
259,BTCUSDT,BULLISH,10607.86,10747.660000000003,0.9209560036077095,128.74964930436047,2020-10-04 16:00:00,2020-10-05 14:00:00,Take Profit
261,BTCUSDT,BULLISH,10561.49,10601.889999999998,1.1461922777316658,46.30616802035679,2020-10-06 19:00:00,2020-10-06 19:00:00,Take Profit
263,BTCUSDT,BULLISH,10549.23,10579.989999999998,1.1739929484479341,36.11202309425657,2020-10-06 19:30:00,2020-10-06 19:30:00,Take Profit
266,BTCUSDT,BULLISH,10531.11,10546.890000000003,1.2180274254060137,19.22047277290991,2020-10-06 20:30:00,2020-10-06 20:30:00,Take Profit
268,BTCUSDT,BULLISH,10535.39,10561.609999999997,1.188192583490494,31.154409539117815,2020-10-06 20:30:00,2020-10-06 20:30:00,Take Profit
264,BTCUSDT,BULLISH,10549.23,10579.989999999998,1.1756696140201441,36.163597327257754,2020-10-06 20:00:00,2020-10-06 22:00:00,Take Profit
262,BTCUSDT,BULLISH,10561.49,10601.889999999998,1.1482951918107012,46.39112574914982,2020-10-06 19:30:00,2020-10-06 23:30:00,Take Profit
269,BTCUSDT,BULLISH,10561.49,10601.889999999998,1.1559719233494248,46.701265703314235,2020-10-07 00:00:00,2020-10-07 05:00:00,Take Profit
270,BTCUSDT,BULLISH,10561.49,10601.889999999998,1.1580927801025271,46.78694831613957,2020-10-07 09:30:00,2020-10-07 09:30:00,Take Profit
271,BTCUSDT,BULLISH,10561.49,10601.889999999998,1.1602175279824611,46.8727881304889,2020-10-07 11:00:00,2020-10-07 12:00:00,Take Profit
273,BTCUSDT,BULLISH,10549.23,10579.989999999998,1.1883583784150917,36.55390372004632,2020-10-08 08:30:00,2020-10-08 08:30:00,Take Profit
272,BTCUSDT,BULLISH,10561.49,10601.889999999998,1.1623461741282597,46.95878543477915,2020-10-08 08:00:00,2020-10-08 10:00:00,Take Profit
274,BTCUSDT,BULLISH,10549.23,10579.989999999998,1.1900555603131346,36.60610903523012,2020-10-08 09:00:00,2020-10-08 10:00:00,Take Profit
265,BTCUSDT,BULLISH,10536.71,10677.549999999996,0.9363794152342998,131.8796768415955,2020-10-06 20:30:00,2020-10-08 13:00:00,Take Profit
267,BTCUSDT,BULLISH,10536.71,10677.549999999996,0.9363794152342998,131.8796768415955,2020-10-06 20:30:00,2020-10-08 13:00:00,Take Profit
260,BTCUSDT,BULLISH,10607.86,10747.660000000003,0.9351298242182667,130.7311494257164,2020-10-06 18:30:00,2020-10-08 13:30:00,Take Profit
237,BTCUSDT,BULLISH,10469.31,10932.109999999999,0.5586284103572438,258.533228313332,2020-10-01 17:30:00,2020-10-08 14:30:00,Take Profit
276,BTCUSDT,BULLISH,10919.45,11010.930000000004,1.0730042029753508,98.15842448818853,2020-10-09 10:00:00,2020-10-09 10:30:00,Take Profit
277,BTCUSDT,BULLISH,10893.13,10981.089999999998,1.0807445398768953,95.06228972757077,2020-10-09 10:00:00,2020-10-09 10:30:00,Take Profit
224,BTCUSDT,BULLISH,10438.28,11056.800000000001,0.4513617751776498,279.1762851828802,2020-09-21 18:30:00,2020-10-09 11:00:00,Take Profit
226,BTCUSDT,BULLISH,10277.22,11078.639999999998,0.382648029210385,306.66178356978605,2020-09-23 19:30:00,2020-10-09 11:00:00,Take Profit
279,BTCUSDT,BULLISH,11037.29,11073.890000000003,1.243566837695132,45.51454625964455,2020-10-09 21:30:00,2020-10-09 22:30:00,Take Profit
281,BTCUSDT,BULLISH,11037.29,11073.890000000003,1.2456517917152718,45.59085557678167,2020-10-09 23:30:00,2020-10-09 23:30:00,Take Profit
278,BTCUSDT,BULLISH,11072.12,11470.380000000003,0.6801559408434545,270.87890500031557,2020-10-09 15:00:00,2020-10-10 02:00:00,Take Profit
280,BTCUSDT,BULLISH,11054.01,11124.050000000001,1.1550959095772624,80.90291750679246,2020-10-09 22:30:00,2020-10-10 02:00:00,Take Profit
283,BTCUSDT,BULLISH,11077.35,11147.03,1.1598607336365732,80.81909591979675,2020-10-10 00:00:00,2020-10-10 02:00:00,Take Profit
284,BTCUSDT,BULLISH,11072.0,11152.14,1.1345928049619416,90.92626738964934,2020-10-10 01:00:00,2020-10-10 02:00:00,Take Profit
282,BTCUSDT,BULLISH,11083.37,11486.190000000004,0.6785623045943346,273.3384675366922,2020-10-10 00:00:00,2020-10-10 03:00:00,Take Profit
275,BTCUSDT,BULLISH,10892.69,11505.49,0.5206952070283661,319.0820228669824,2020-10-08 20:30:00,2020-10-12 13:30:00,Take Profit
285,BTCUSDT,BULLISH,11359.32,11585.32,0.9058823368990901,204.72940813919436,2020-10-13 13:30:00,2020-10-15 20:00:00,Take Profit
286,BTCUSDT,BULLISH,11359.51,11585.890000000001,0.9053327738734147,204.94923334946455,2020-10-13 13:30:00,2020-10-15 20:00:00,Take Profit
292,BTCUSDT,BULLISH,11344.56,11390.959999999997,1.2887005280658748,59.79570450225378,2020-10-17 14:00:00,2020-10-17 15:00:00,Take Profit
293,BTCUSDT,BULLISH,11344.56,11390.959999999997,1.2887005280658748,59.79570450225378,2020-10-17 14:30:00,2020-10-17 15:00:00,Take Profit
296,BTCUSDT,BULLISH,11344.99,11354.389999999998,1.4110106104267144,13.263499738008035,2020-10-17 23:00:00,2020-10-17 23:00:00,Take Profit
297,BTCUSDT,BULLISH,11344.99,11354.389999999998,1.4116585586308183,13.26959045112661,2020-10-17 23:30:00,2020-10-17 23:30:00,Take Profit
294,BTCUSDT,BULLISH,11344.56,11390.959999999997,1.294058566103711,60.04431746720936,2020-10-17 15:30:00,2020-10-18 01:30:00,Take Profit
295,BTCUSDT,BULLISH,11344.56,11390.959999999997,1.294058566103711,60.04431746720936,2020-10-17 15:30:00,2020-10-18 01:30:00,Take Profit
300,BTCUSDT,BULLISH,11344.56,11390.959999999997,1.3006276398099634,60.349122487179464,2020-10-18 02:00:00,2020-10-18 02:00:00,Take Profit
301,BTCUSDT,BULLISH,11344.99,11354.389999999998,1.4181733717908351,13.330829694830754,2020-10-18 02:00:00,2020-10-18 02:00:00,Take Profit
302,BTCUSDT,BULLISH,11344.56,11390.959999999997,1.3006276398099634,60.349122487179464,2020-10-18 02:00:00,2020-10-18 02:00:00,Take Profit
303,BTCUSDT,BULLISH,11342.21,11354.809999999998,1.4136712552218875,17.812257815793725,2020-10-18 03:30:00,2020-10-18 03:30:00,Take Profit
305,BTCUSDT,BULLISH,11344.99,11354.389999999998,1.4247209572656372,13.39237699829388,2020-10-18 03:30:00,2020-10-18 03:30:00,Take Profit
304,BTCUSDT,BULLISH,11344.56,11390.959999999997,1.3066325266679024,60.62774923738782,2020-10-18 03:30:00,2020-10-18 05:30:00,Take Profit
306,BTCUSDT,BULLISH,11344.56,11390.959999999997,1.3066325266679024,60.62774923738782,2020-10-18 03:30:00,2020-10-18 05:30:00,Take Profit
290,BTCUSDT,BULLISH,11324.9,11467.659999999998,1.0599084599613187,151.31253174407615,2020-10-16 14:30:00,2020-10-18 06:30:00,Take Profit
291,BTCUSDT,BULLISH,11342.2,11443.800000000003,1.1468818096662703,116.52319186209556,2020-10-17 03:30:00,2020-10-18 06:30:00,Take Profit
298,BTCUSDT,BULLISH,11351.14,11407.32,1.267478639380236,71.20694996038202,2020-10-18 00:00:00,2020-10-18 06:30:00,Take Profit
299,BTCUSDT,BULLISH,11370.42,11439.12,1.2336215184819193,84.74979831970874,2020-10-18 01:00:00,2020-10-18 06:30:00,Take Profit
307,BTCUSDT,BULLISH,11386.88,11425.159999999998,1.3571365611208652,51.95118755970514,2020-10-18 09:30:00,2020-10-18 09:30:00,Take Profit
308,BTCUSDT,BULLISH,11438.97,11491.729999999998,1.316027996641151,69.43363710278501,2020-10-19 07:30:00,2020-10-19 11:30:00,Take Profit
287,BTCUSDT,BULLISH,11382.48,11654.8,0.8434708812750338,229.69399038881696,2020-10-13 14:00:00,2020-10-19 13:00:00,Take Profit
288,BTCUSDT,BULLISH,11359.32,11585.32,0.9189711113875457,207.68747117358532,2020-10-16 05:30:00,2020-10-19 13:00:00,Take Profit
289,BTCUSDT,BULLISH,11359.51,11585.890000000001,0.9184136079194781,207.9104725608124,2020-10-16 05:30:00,2020-10-19 13:00:00,Take Profit
310,BTCUSDT,BULLISH,11501.1,11678.12,1.0350308628839564,183.2211633477184,2020-10-19 12:00:00,2020-10-19 13:00:00,Take Profit
311,BTCUSDT,BULLISH,11646.07,11667.45,1.4566514083504631,31.143207110534387,2020-10-19 18:30:00,2020-10-19 18:30:00,Take Profit
312,BTCUSDT,BULLISH,11718.4,11793.22,1.294020122557876,96.81858556977991,2020-10-19 21:30:00,2020-10-20 06:30:00,Take Profit
313,BTCUSDT,BULLISH,11737.91,11824.649999999998,1.262330267890317,109.49452743680352,2020-10-20 05:00:00,2020-10-20 07:00:00,Take Profit
314,BTCUSDT,BULLISH,11737.91,11824.649999999998,1.2708076115648286,110.22985222713064,2020-10-20 07:30:00,2020-10-20 07:30:00,Take Profit
315,BTCUSDT,BULLISH,11718.4,11793.22,1.3027102835875963,97.46878341802358,2020-10-20 07:30:00,2020-10-20 07:30:00,Take Profit
318,BTCUSDT,BULLISH,11718.4,11793.22,1.311458804527959,98.1233477547815,2020-10-20 08:00:00,2020-10-20 09:30:00,Take Profit
317,BTCUSDT,BULLISH,11737.91,11824.649999999998,1.2793418859472567,110.97011518706245,2020-10-20 08:00:00,2020-10-20 10:30:00,Take Profit
309,BTCUSDT,BULLISH,11502.0,11868.16,0.7777028763694861,284.76368521145093,2020-10-19 09:30:00,2020-10-20 11:00:00,Take Profit
316,BTCUSDT,BULLISH,11746.92,11851.679999999998,1.225439608631952,128.3770534002813,2020-10-20 07:30:00,2020-10-20 11:00:00,Take Profit
319,BTCUSDT,BULLISH,11784.1,11912.380000000003,1.1824588031367038,151.68581526637928,2020-10-20 10:00:00,2020-10-20 11:00:00,Take Profit
320,BTCUSDT,BULLISH,11784.1,11912.380000000003,1.208043594121226,154.96783225387387,2020-10-20 11:30:00,2020-10-20 13:30:00,Take Profit
321,BTCUSDT,BULLISH,11829.05,12027.129999999997,1.0670566979373433,211.36259072742692,2020-10-20 13:00:00,2020-10-20 17:30:00,Take Profit
322,BTCUSDT,BULLISH,11929.74,12089.479999999998,1.1456830431047345,183.01140930554794,2020-10-20 15:30:00,2020-10-21 02:30:00,Take Profit
323,BTCUSDT,BULLISH,11872.48,12069.039999999997,1.0820569236321456,212.68910890913202,2020-10-20 20:00:00,2020-10-21 02:30:00,Take Profit
325,BTCUSDT,BULLISH,11942.31,12047.689999999997,1.2772802215402146,134.59978974590447,2020-10-21 00:00:00,2020-10-21 02:30:00,Take Profit
326,BTCUSDT,BULLISH,11942.31,12074.49,1.212957793156432,160.32876109941753,2020-10-21 00:30:00,2020-10-21 02:30:00,Take Profit
324,BTCUSDT,BULLISH,11920.79,12302.350000000002,0.825927476280758,315.1408878496871,2020-10-21 00:00:00,2020-10-21 11:30:00,Take Profit
327,BTCUSDT,BULLISH,12206.52,12655.800000000003,0.7763334350781701,348.79108571192216,2020-10-21 05:00:00,2020-10-21 14:00:00,Take Profit
328,BTCUSDT,BULLISH,12758.47,12915.409999999998,1.207676049869688,189.53267926654723,2020-10-22 03:00:00,2020-10-22 10:00:00,Take Profit
329,BTCUSDT,BULLISH,12788.01,12914.570000000002,1.2773531966241658,161.66182056475608,2020-10-22 06:00:00,2020-10-22 10:00:00,Take Profit
330,BTCUSDT,BULLISH,12831.6,12991.040000000003,1.2148344580492019,193.69320599136756,2020-10-22 12:30:00,2020-10-22 16:00:00,Take Profit
333,BTCUSDT,BULLISH,12788.01,12914.570000000002,1.2980493264411919,164.28112275439895,2020-10-23 16:30:00,2020-10-23 19:30:00,Take Profit
331,BTCUSDT,BULLISH,12812.17,12987.050000000001,1.1889452639348637,207.92274775693016,2020-10-23 16:00:00,2020-10-24 02:00:00,Take Profit
332,BTCUSDT,BULLISH,12831.6,12991.040000000003,1.2217589970879323,194.7972544957028,2020-10-23 16:00:00,2020-10-24 02:00:00,Take Profit
334,BTCUSDT,BULLISH,12971.48,13078.439999999999,1.3706029584799935,146.5996924390189,2020-10-24 09:00:00,2020-10-24 14:00:00,Take Profit
335,BTCUSDT,BULLISH,12971.48,12718.0,1.3763864401132198,-348.88643483989836,2020-10-25 05:30:00,2020-10-25 05:30:00,Stop Loss
336,BTCUSDT,BULLISH,12971.48,13078.439999999999,1.3626225757120876,145.7461106981637,2020-10-25 06:00:00,2020-10-26 01:00:00,Take Profit
337,BTCUSDT,BULLISH,12971.48,13078.439999999999,1.3683723828250023,146.36111006696106,2020-10-26 08:00:00,2020-10-26 09:00:00,Take Profit
338,BTCUSDT,BULLISH,12971.48,13078.439999999999,1.3741464521822282,146.97870452540994,2020-10-26 15:30:00,2020-10-26 15:30:00,Take Profit
340,BTCUSDT,BULLISH,12831.6,12991.040000000003,1.2504948868311285,199.37890475635805,2020-10-26 16:30:00,2020-10-26 19:30:00,Take Profit
339,BTCUSDT,BULLISH,12971.48,13078.439999999999,1.3799448861622428,147.59890502391227,2020-10-26 16:00:00,2020-10-26 23:30:00,Take Profit
341,BTCUSDT,BULLISH,13139.8,13470.3,0.967168262401663,319.64911072374963,2020-10-27 08:00:00,2020-10-27 11:00:00,Take Profit
343,BTCUSDT,BULLISH,12971.48,13078.439999999999,1.4062438809746156,150.41184550904364,2020-10-29 12:00:00,2020-10-29 12:00:00,Take Profit
342,BTCUSDT,BULLISH,13139.8,13470.3,0.9759197780956741,322.5414866606203,2020-10-28 16:00:00,2020-10-29 14:30:00,Take Profit
345,BTCUSDT,BULLISH,13270.1,13341.94,1.530960631871573,109.98421179365403,2020-10-30 10:30:00,2020-10-30 11:30:00,Take Profit
346,BTCUSDT,BULLISH,13270.1,13341.94,1.5356225601435998,110.31912472071643,2020-10-30 13:00:00,2020-10-30 14:30:00,Take Profit
344,BTCUSDT,BULLISH,13182.11,13460.09,1.0654716430311861,296.1798073298087,2020-10-30 05:30:00,2020-10-30 15:00:00,Take Profit
347,BTCUSDT,BULLISH,13540.01,14112.789999999999,0.7532002378946604,431.4180322613027,2020-10-30 21:00:00,2020-10-31 10:00:00,Take Profit
349,BTCUSDT,BULLISH,13270.1,13341.94,1.5711395559180925,112.870665697156,2020-11-02 12:30:00,2020-11-02 12:30:00,Take Profit
350,BTCUSDT,BULLISH,13339.0,13509.759999999998,1.3027960988477436,222.4654618392386,2020-11-02 13:00:00,2020-11-02 15:30:00,Take Profit
352,BTCUSDT,BULLISH,13339.0,13509.759999999998,1.3105915106439183,223.7966063575534,2020-11-03 04:00:00,2020-11-03 08:00:00,Take Profit
351,BTCUSDT,BULLISH,13511.58,13943.960000000001,0.8986679288487468,388.56603907562203,2020-11-03 00:30:00,2020-11-03 23:00:00,Take Profit
354,BTCUSDT,BULLISH,13707.93,13835.39,1.4413992786633785,183.72075205843296,2020-11-04 14:00:00,2020-11-04 14:00:00,Take Profit
348,BTCUSDT,BULLISH,13540.01,14112.789999999999,0.7620700344007831,436.49847430407965,2020-11-02 09:30:00,2020-11-04 17:00:00,Take Profit
353,BTCUSDT,BULLISH,13689.65,14088.31,0.9422146379464001,375.62328756371176,2020-11-03 15:30:00,2020-11-04 17:00:00,Take Profit
355,BTCUSDT,BULLISH,14850.5,14961.619999999999,1.5264464583704618,169.61873045412415,2020-11-08 01:00:00,2020-11-08 01:30:00,Take Profit
356,BTCUSDT,BULLISH,15244.09,15867.45,0.765702869382613,477.3085406583461,2020-11-08 21:00:00,2020-11-09 11:30:00,Take Profit
360,BTCUSDT,BULLISH,15318.4,15391.94,1.6749078414168956,123.17272265779997,2020-11-10 21:00:00,2020-11-10 22:00:00,Take Profit
361,BTCUSDT,BULLISH,15298.13,15367.669999999996,1.694422868504747,117.83016627581543,2020-11-10 23:00:00,2020-11-10 23:00:00,Take Profit
362,BTCUSDT,BULLISH,15318.4,15391.94,1.6801100512685576,123.5552931702912,2020-11-10 23:00:00,2020-11-11 00:00:00,Take Profit
363,BTCUSDT,BULLISH,15298.13,15367.669999999996,1.699441830308888,118.17918487967538,2020-11-10 23:30:00,2020-11-11 00:00:00,Take Profit
359,BTCUSDT,BULLISH,15244.99,15516.269999999999,1.1815276177222018,320.52481213567756,2020-11-10 18:00:00,2020-11-11 00:30:00,Take Profit
365,BTCUSDT,BULLISH,15367.43,15512.93,1.4627972813991397,212.8370044435748,2020-11-11 00:00:00,2020-11-11 00:30:00,Take Profit
368,BTCUSDT,BULLISH,15318.4,15391.94,1.7178228721878057,126.32869402069274,2020-11-11 05:00:00,2020-11-11 05:30:00,Take Profit
369,BTCUSDT,BULLISH,15401.93,15486.39,1.6843174189328953,142.25744920307088,2020-11-11 09:30:00,2020-11-11 10:00:00,Take Profit
370,BTCUSDT,BULLISH,15401.93,15486.39,1.6843174189328953,142.25744920307088,2020-11-11 09:30:00,2020-11-11 10:00:00,Take Profit
364,BTCUSDT,BULLISH,15369.01,15543.770000000002,1.38832889728448,242.62435808943857,2020-11-11 00:00:00,2020-11-11 10:30:00,Take Profit
367,BTCUSDT,BULLISH,15367.43,15512.93,1.4912151107164344,216.9717986092412,2020-11-11 02:30:00,2020-11-11 10:30:00,Take Profit
357,BTCUSDT,BULLISH,15244.09,15867.45,0.7750311319814706,483.12340643196995,2020-11-09 17:30:00,2020-11-11 16:30:00,Take Profit
358,BTCUSDT,BULLISH,15229.0,15905.0,0.7371151108034928,498.28981490316113,2020-11-09 22:30:00,2020-11-11 17:30:00,Take Profit
372,BTCUSDT,BULLISH,15628.15,15745.17,1.6449942019748311,192.49722151509545,2020-11-11 20:00:00,2020-11-11 20:00:00,Take Profit
373,BTCUSDT,BULLISH,15655.03,15825.810000000003,1.4900572940625534,254.47198468000656,2020-11-11 20:00:00,2020-11-11 20:00:00,Take Profit
374,BTCUSDT,BULLISH,15628.15,15745.17,1.6622844114907145,194.52052183264414,2020-11-12 00:30:00,2020-11-12 05:30:00,Take Profit
375,BTCUSDT,BULLISH,15655.03,15825.810000000003,1.5057189923068892,257.14668950617425,2020-11-12 01:00:00,2020-11-12 06:00:00,Take Profit
376,BTCUSDT,BULLISH,15810.0,16163.98,1.1518443866623873,407.72987599075134,2020-11-12 08:30:00,2020-11-12 10:00:00,Take Profit
378,BTCUSDT,BULLISH,15810.0,16163.98,1.1626597896171276,411.5583123286703,2020-11-12 11:00:00,2020-11-12 17:00:00,Take Profit
371,BTCUSDT,BULLISH,15825.24,16336.44,0.9333789533637261,477.14332095953745,2020-11-11 18:30:00,2020-11-12 22:00:00,Take Profit
377,BTCUSDT,BULLISH,15863.1,16350.160000000002,0.9790404602346009,476.851446561866,2020-11-12 09:00:00,2020-11-13 00:00:00,Take Profit
380,BTCUSDT,BULLISH,15996.0,16462.24,1.0214875720609682,476.25836559770744,2020-11-12 18:00:00,2020-11-13 01:00:00,Take Profit
385,BTCUSDT,BULLISH,15872.2,15996.400000000001,1.7425762248845396,216.42796713066107,2020-11-16 00:00:00,2020-11-16 01:00:00,Take Profit
383,BTCUSDT,BULLISH,15810.0,16163.98,1.2115155005231935,428.8522568751995,2020-11-14 09:30:00,2020-11-16 06:00:00,Take Profit
384,BTCUSDT,BULLISH,15825.24,16336.44,1.0024785525510054,512.4670360640747,2020-11-14 10:30:00,2020-11-16 10:00:00,Take Profit
382,BTCUSDT,BULLISH,15863.1,16350.160000000002,1.0297594943797213,501.55465933258836,2020-11-14 08:00:00,2020-11-16 10:30:00,Take Profit
386,BTCUSDT,BULLISH,16022.0,16366.32,1.2330543535402654,424.56527501098384,2020-11-16 04:00:00,2020-11-16 10:30:00,Take Profit
388,BTCUSDT,BULLISH,16235.48,16334.899999999998,1.9124900904504227,190.1397647925777,2020-11-16 11:30:00,2020-11-16 11:30:00,Take Profit
381,BTCUSDT,BULLISH,15996.0,16462.24,1.0545096706276265,491.65458883342626,2020-11-13 16:00:00,2020-11-16 15:30:00,Take Profit
379,BTCUSDT,BULLISH,15996.0,16566.6,0.9116560832702412,520.1909611139982,2020-11-12 18:00:00,2020-11-16 16:00:00,Take Profit
389,BTCUSDT,BULLISH,16382.51,16723.21,1.2946383100696603,441.08327224073184,2020-11-16 15:00:00,2020-11-16 17:00:00,Take Profit
366,BTCUSDT,BULLISH,15473.2,16770.920000000002,0.4728639625876054,613.6450215291878,2020-11-11 00:30:00,2020-11-16 19:00:00,Take Profit
387,BTCUSDT,BULLISH,16230.87,16831.79,0.9542578837197229,573.4326474848559,2020-11-16 11:30:00,2020-11-16 19:00:00,Take Profit
390,BTCUSDT,BULLISH,16300.84,16438.44,1.8819544756187594,258.95693584513856,2020-11-26 17:00:00,2020-11-26 17:00:00,Take Profit
392,BTCUSDT,BULLISH,16407.23,16635.469999999998,1.6186773602596911,369.4469207056686,2020-11-26 19:00:00,2020-11-26 19:30:00,Take Profit
391,BTCUSDT,BULLISH,16382.51,16723.21,1.3729146277974134,467.75201369057726,2020-11-26 19:00:00,2020-11-26 20:00:00,Take Profit
394,BTCUSDT,BULLISH,16699.21,17470.249999999996,0.8826870503974864,680.5870233384754,2020-11-27 15:00:00,2020-11-28 15:30:00,Take Profit
397,BTCUSDT,BULLISH,17369.66,17826.679999999997,1.2061116934231102,551.2171661282259,2020-11-28 15:00:00,2020-11-28 19:30:00,Take Profit
396,BTCUSDT,BULLISH,17203.56,17845.440000000006,0.9921121851820415,636.8169694246534,2020-11-28 13:00:00,2020-11-28 20:00:00,Take Profit
398,BTCUSDT,BULLISH,17761.44,18104.339999999993,1.4416937228096725,494.3567775514283,2020-11-29 03:00:00,2020-11-29 08:00:00,Take Profit
395,BTCUSDT,BULLISH,17144.1,18402.899999999994,0.6231383189639937,784.4065159118726,2020-11-28 10:00:00,2020-11-30 00:30:00,Take Profit
393,BTCUSDT,BULLISH,17144.27,18658.91,0.5398726880758108,817.7127682671457,2020-11-26 22:00:00,2020-11-30 07:00:00,Take Profit
399,BTCUSDT,BULLISH,17761.44,18104.339999999993,1.4981340529141403,513.7101667442499,2020-12-09 08:00:00,2020-12-09 09:00:00,Take Profit
401,BTCUSDT,BULLISH,17647.61,17846.79,1.8746253066604202,373.38786858062304,2020-12-11 11:00:00,2020-12-11 12:30:00,Take Profit
400,BTCUSDT,BULLISH,17761.44,18104.339999999993,1.5119639133729976,518.4524258955921,2020-12-11 07:00:00,2020-12-11 15:30:00,Take Profit
403,BTCUSDT,BULLISH,18032.91,18160.350000000002,2.163421047198374,275.70637825496584,2020-12-11 23:00:00,2020-12-12 00:00:00,Take Profit
402,BTCUSDT,BULLISH,17896.63,18397.09,1.267213198958662,634.1895175508508,2020-12-11 17:00:00,2020-12-12 04:30:00,Take Profit
404,BTCUSDT,BULLISH,18312.1,18393.819999999992,2.380197884039337,194.50977108368008,2020-12-12 04:00:00,2020-12-12 04:30:00,Take Profit
405,BTCUSDT,BULLISH,18312.1,18393.819999999992,2.414603733438762,197.32141709660087,2020-12-12 05:00:00,2020-12-12 05:00:00,Take Profit
406,BTCUSDT,BULLISH,18312.1,18393.819999999992,2.414603733438762,197.32141709660087,2020-12-12 05:00:00,2020-12-12 05:00:00,Take Profit
407,BTCUSDT,BULLISH,18312.1,18393.819999999992,2.4309884728804794,198.6603780037779,2020-12-12 05:30:00,2020-12-12 07:30:00,Take Profit
408,BTCUSDT,BULLISH,18312.1,18393.819999999992,2.4309884728804794,198.6603780037779,2020-12-12 05:30:00,2020-12-12 07:30:00,Take Profit
409,BTCUSDT,BULLISH,18368.0,18491.160000000003,2.2536168328544095,277.55544913435693,2020-12-12 10:00:00,2020-12-12 11:30:00,Take Profit
410,BTCUSDT,BULLISH,18368.0,18502.120000000003,2.207373216273712,296.052895766636,2020-12-12 10:00:00,2020-12-12 11:30:00,Take Profit
412,BTCUSDT,BULLISH,18368.0,18491.160000000003,2.2755454338522303,280.25617563324863,2020-12-12 13:30:00,2020-12-12 17:30:00,Take Profit
413,BTCUSDT,BULLISH,18368.0,18502.120000000003,2.2288518482253705,298.9336098839925,2020-12-12 13:30:00,2020-12-12 17:30:00,Take Profit
411,BTCUSDT,BULLISH,18452.15,18640.450000000004,2.023583799378098,381.0408294229017,2020-12-12 12:00:00,2020-12-12 18:00:00,Take Profit
417,BTCUSDT,BULLISH,19096.17,19164.509999999995,2.582907634353146,176.515907731685,2020-12-14 04:00:00,2020-12-14 04:00:00,Take Profit
418,BTCUSDT,BULLISH,19096.17,19164.509999999995,2.5904455729333096,177.03105045425332,2020-12-14 04:30:00,2020-12-14 06:30:00,Take Profit
419,BTCUSDT,BULLISH,19096.17,19164.509999999995,2.598005510177801,177.54769656554186,2020-12-14 10:30:00,2020-12-14 10:30:00,Take Profit
420,BTCUSDT,BULLISH,19096.17,19164.509999999995,2.60558751028736,178.06585045302907,2020-12-14 11:00:00,2020-12-14 13:30:00,Take Profit
421,BTCUSDT,BULLISH,19096.17,19164.509999999995,2.613191637650089,178.58551651699798,2020-12-14 14:00:00,2020-12-14 14:00:00,Take Profit
422,BTCUSDT,BULLISH,19177.28,19320.559999999998,2.2593025362748054,323.7128673974515,2020-12-14 15:30:00,2020-12-14 23:00:00,Take Profit
416,BTCUSDT,BULLISH,19175.07,19401.21,1.9319624388682157,436.8939859256572,2020-12-14 02:00:00,2020-12-15 00:30:00,Take Profit
424,BTCUSDT,BULLISH,19198.09,19378.87,2.1134231239150387,382.0646323413582,2020-12-14 20:30:00,2020-12-15 00:30:00,Take Profit
423,BTCUSDT,BULLISH,19216.72,19470.160000000003,1.8784186488543237,476.0664223656442,2020-12-14 18:00:00,2020-12-15 01:30:00,Take Profit
414,BTCUSDT,BULLISH,18498.02,19555.680000000004,0.8167023511478245,863.793408715011,2020-12-12 17:30:00,2020-12-15 02:00:00,Take Profit
425,BTCUSDT,BULLISH,19198.09,19378.87,2.1989126833607884,397.51943489796076,2020-12-15 04:30:00,2020-12-15 04:30:00,Take Profit
426,BTCUSDT,BULLISH,19175.07,19401.21,2.0396149555087955,461.2385260387578,2020-12-15 04:30:00,2020-12-15 04:30:00,Take Profit
428,BTCUSDT,BULLISH,19177.28,19320.559999999998,2.350693027982401,336.80729704931565,2020-12-15 04:30:00,2020-12-15 04:30:00,Take Profit
430,BTCUSDT,BULLISH,19096.17,19164.509999999995,2.7778874608233477,189.84082907265787,2020-12-15 05:30:00,2020-12-15 05:30:00,Take Profit
431,BTCUSDT,BULLISH,19177.28,19320.559999999998,2.401694577351371,344.11479904290167,2020-12-15 06:00:00,2020-12-15 10:30:00,Take Profit
432,BTCUSDT,BULLISH,19198.09,19378.87,2.2466211473939404,406.1441710258739,2020-12-15 06:30:00,2020-12-15 12:00:00,Take Profit
429,BTCUSDT,BULLISH,19175.07,19401.21,2.0778033880633693,469.8744581766491,2020-12-15 05:00:00,2020-12-15 14:00:00,Take Profit
427,BTCUSDT,BULLISH,19216.72,19470.160000000003,1.954402100027962,495.3236682310913,2020-12-15 04:30:00,2020-12-15 18:30:00,Take Profit
433,BTCUSDT,BULLISH,19405.8,19545.399999999998,2.463297439859826,343.87632260442814,2020-12-15 18:00:00,2020-12-15 18:30:00,Take Profit
415,BTCUSDT,BULLISH,18800.0,19616.96,0.9940170272424272,812.0721505759725,2020-12-13 04:00:00,2020-12-16 10:00:00,Take Profit
434,BTCUSDT,BULLISH,19405.8,19545.399999999998,2.4944019613882,348.2185138097891,2020-12-15 21:00:00,2020-12-16 10:00:00,Take Profit
435,BTCUSDT,BULLISH,19388.99,19550.190000000006,2.398395043415999,386.62128099866953,2020-12-16 03:00:00,2020-12-16 10:00:00,Take Profit
436,BTCUSDT,BULLISH,19423.44,19582.719999999998,2.406628698263968,383.327819059482,2020-12-16 08:00:00,2020-12-16 10:00:00,Take Profit
437,BTCUSDT,BULLISH,19533.19,20205.269999999993,1.2554840108621335,843.7856940202157,2020-12-16 09:30:00,2020-12-16 13:30:00,Take Profit
438,BTCUSDT,BULLISH,23124.35,24245.469999999994,0.921334153475305,1032.9261461442297,2020-12-19 13:00:00,2020-12-19 16:00:00,Take Profit
441,BTCUSDT,BULLISH,22800.06,23064.080000000005,2.141679965147477,565.4463443982456,2020-12-24 02:30:00,2020-12-24 02:30:00,Take Profit
444,BTCUSDT,BULLISH,22800.06,23064.080000000005,2.1587109685629837,569.9428699200078,2020-12-24 03:00:00,2020-12-24 05:00:00,Take Profit
443,BTCUSDT,BULLISH,22864.47,23257.310000000005,1.8079653616684255,710.2411126778311,2020-12-24 03:00:00,2020-12-24 08:00:00,Take Profit
442,BTCUSDT,BULLISH,22800.06,23455.040000000005,1.348005014746471,882.916324558648,2020-12-24 02:30:00,2020-12-24 08:30:00,Take Profit
445,BTCUSDT,BULLISH,23224.59,23407.850000000002,2.531785590454216,463.9750273066448,2020-12-24 14:30:00,2020-12-24 17:30:00,Take Profit
446,BTCUSDT,BULLISH,23320.12,23613.3,2.1436982660123824,628.4894576295109,2020-12-24 18:00:00,2020-12-24 22:30:00,Take Profit
447,BTCUSDT,BULLISH,23396.9,23718.700000000004,2.058698758706647,662.489260551805,2020-12-24 20:00:00,2020-12-24 22:30:00,Take Profit
448,BTCUSDT,BULLISH,23551.8,24052.859999999997,1.649134090997789,826.3151276353483,2020-12-24 22:00:00,2020-12-25 10:00:00,Take Profit
449,BTCUSDT,BULLISH,23554.99,24062.430000000004,1.6659926148264197,845.3912924675222,2020-12-25 01:00:00,2020-12-25 10:00:00,Take Profit
439,BTCUSDT,BULLISH,23124.35,24245.469999999994,0.9349152798314668,1048.1522185246497,2020-12-21 14:30:00,2020-12-25 11:00:00,Take Profit
440,BTCUSDT,BULLISH,23187.82,24117.260000000002,1.069712307781648,994.2334073445774,2020-12-24 01:30:00,2020-12-25 11:00:00,Take Profit
451,BTCUSDT,BULLISH,24919.62,25299.76,2.033058398899599,772.8468197576924,2020-12-26 08:30:00,2020-12-26 14:00:00,Take Profit
452,BTCUSDT,BULLISH,24913.81,25265.510000000006,2.109977623144237,742.0791300598373,2020-12-26 13:00:00,2020-12-26 14:00:00,Take Profit
453,BTCUSDT,BULLISH,24843.8,25055.48,2.59297374332581,548.8806819872082,2020-12-26 13:00:00,2020-12-26 14:00:00,Take Profit
450,BTCUSDT,BULLISH,23826.99,26020.770000000008,0.5828514131491825,1278.6477731384173,2020-12-25 08:00:00,2020-12-26 17:00:00,Take Profit
455,BTCUSDT,BULLISH,26547.15,26044.51,1.6442376924005107,-826.4596337081977,2020-12-29 04:00:00,2020-12-29 05:00:00,Stop Loss
458,BTCUSDT,BULLISH,26476.6,26964.859999999993,1.8422422204559936,899.4931865598338,2020-12-29 16:30:00,2020-12-29 19:30:00,Take Profit
456,BTCUSDT,BULLISH,26547.15,27152.430000000008,1.6277953154765055,985.2719485516292,2020-12-29 08:00:00,2020-12-29 21:00:00,Take Profit
457,BTCUSDT,BULLISH,26674.81,27271.550000000007,1.6417421541647998,979.6932130763113,2020-12-29 11:00:00,2020-12-29 23:30:00,Take Profit
460,BTCUSDT,BULLISH,27029.44,27275.779999999995,2.5901002219334552,638.0452886710783,2020-12-29 22:30:00,2020-12-29 23:30:00,Take Profit
454,BTCUSDT,BULLISH,26630.0,27838.54,1.0275897816755533,1241.883354746174,2020-12-28 21:30:00,2020-12-30 00:00:00,Take Profit
459,BTCUSDT,BULLISH,26908.01,27808.489999999994,1.272130243043671,1145.5278412559596,2020-12-29 20:00:00,2020-12-30 00:00:00,Take Profit
461,BTCUSDT,BULLISH,28212.01,28890.029999999995,1.6272317502453166,1103.2956713013243,2020-12-31 14:00:00,2020-12-31 18:30:00,Take Profit
